{"cameraMode":{"drawMode":0,"name":"Shaded","section":"Shading Mode"},"sceneLighting":true,"audioPlay":false,"sceneViewState":{"showFog":true,"showMaterialUpdate":false,"showSkybox":true,"showFlares":true,"showImageEffects":true,"showParticleSystems":true},"in2DMode":false,"pivot":{"x":60.114967346191409,"y":-56.29772186279297,"z":3.422797679901123},"rotation":{"x":0.2692849636077881,"y":0.6386303305625916,"z":-0.25486651062965395,"w":0.6744025349617004},"size":86.30025482177735,"orthographic":false}